{
  "fov_estimate": "narrow_field (5-20\u00b0)",
  "star_density": 9.499523879285086e-06,
  "avg_brightness": 193.1651807228916,
  "avg_spacing": 67.35151747436107,
  "num_stars": 166,
  "confidence": "medium"
}