{
  "fov_estimate": "narrow_field (5-20\u00b0)",
  "star_density": 0.0013142534060943453,
  "avg_brightness": 131.32827009581155,
  "avg_spacing": 96.2300716307121,
  "num_stars": 22966,
  "confidence": "high"
}