{
  "fov_estimate": "narrow_field (5-20\u00b0)",
  "star_density": 2.8613023732786405e-05,
  "avg_brightness": 182.653262585034,
  "avg_spacing": 137.36280235443695,
  "num_stars": 500,
  "confidence": "high"
}